name_of_coach ,surname_of_coach ,nationality_c ,date_of_birth_coach ,id_license ,date_of_expiry_license 
Nikki,Whorlow,Ukraine,1947-09-14,7,2027-01-11
Sibby,Takis,Ukraine,1958-09-20,6,2024-08-23
Romola,Constable,Poland,1971-05-05,3,2024-06-29
Rona,Garment,France,1972-08-11,8,2027-07-09
Robbie,Hassen,France,1999-12-20,7,2026-12-29
Brandea,Errey,Portugal,1961-01-29,1,2026-07-09
Diego,Spearett,Poland,1983-03-18,4,2024-07-24
Monty,Cockill,Poland,1984-06-13,1,2027-12-04
Brinna,Ashby,Sweden,1973-11-15,2,2024-05-24
Margy,Locks,France,1950-04-22,8,2026-03-31
Ossie,Duckerin,France,1948-06-25,5,2027-08-31
Mallory,Fawley,Spain,1968-07-21,1,2027-01-10
Celinda,Berisford,Ukraine,1946-12-09,8,2025-09-10
Cletus,Chucks,Poland,1993-01-05,6,2026-01-18
Vivyanne,Sherston,Poland,1992-02-05,5,2026-05-17
Karlens,Rosten,Sweden,1965-08-08,7,2025-01-26
Helge,Tudor,Spain,1980-03-02,2,2028-04-26
Francklin,Folker,Sweden,1968-07-10,8,2028-07-03
Natalee,Hardwidge,Sweden,1993-07-02,5,2028-09-21
Billye,Mc Grath,Portugal,1961-12-04,4,2024-10-30
Adelaide,Cumberlidge,Sweden,1954-03-29,2,2025-11-08
Gaynor,Frusher,Sweden,1948-01-17,8,2024-07-26
Celka,Pieterick,Poland,1977-02-21,3,2024-08-24
Dot,Lawie,Poland,1964-05-31,8,2024-03-05
Georgie,Lammin,Poland,1967-09-05,8,2027-11-26
Mallory,De Blase,Sweden,1961-07-27,7,2027-01-19
Tally,Normanton,Portugal,1948-04-11,8,2028-10-15
Eydie,Petrecz,Poland,1949-01-04,8,2026-10-13
Wilow,Willerson,Ukraine,1945-02-12,2,2027-04-13
Ronica,Graundisson,Sweden,1971-12-22,3,2026-08-27
Yurik,Whieldon,Ukraine,1955-02-05,5,2027-11-27
Vitoria,Reignolds,Portugal,1963-01-14,3,2027-08-03
Erick,Cogdell,Portugal,1968-08-24,2,2028-03-06
Nahum,Schleicher,France,1976-01-27,2,2027-11-28
Junette,Ridgers,France,1974-06-14,8,2024-01-29
Rena,Cosstick,Poland,1978-10-10,4,2024-09-26
Deva,Shirt,Portugal,2000-03-01,5,2024-05-30
Giacobo,Mitchely,Sweden,1973-02-23,4,2027-08-16
Niccolo,Sutch,Ukraine,1947-01-17,3,2027-10-21
Ivett,Sarton,Portugal,1947-01-06,4,2024-09-11
Ram,Drane,France,1986-01-13,8,2024-02-11
Parke,Laugherane,Poland,1996-06-18,6,2027-09-14
Mirabelle,Noorwood,Poland,1982-07-16,3,2028-03-29
Chilton,Turmell,Sweden,1977-05-02,5,2024-07-18
Hendrick,Sewards,France,1979-05-15,5,2028-08-13
Mohandis,Stolting,Ukraine,1968-04-20,8,2025-08-01
Faustine,Kirkam,Poland,1989-12-19,2,2025-06-26
Daile,Gerald,Portugal,1972-08-29,2,2027-09-24
Candi,Basilio,Poland,1997-05-09,2,2025-02-05
Jillayne,Entissle,Poland,1968-07-20,3,2028-03-21
Galven,Hansed,Portugal,1976-03-25,3,2025-02-05
Darnall,Zahor,Portugal,1957-07-18,2,2028-07-07
Devina,Davidovics,Poland,1999-03-01,3,2025-05-26
Brennen,Simonyi,Ukraine,2000-09-01,8,2024-04-09
Hilda,Alanbrooke,France,1982-02-19,6,2028-09-06
Albrecht,Kaiser,Portugal,1986-10-24,3,2027-03-21
Clayborn,Andrusyak,France,2000-08-08,4,2027-06-16
Jeff,Hungerford,Spain,1972-03-26,5,2026-12-13
Josefa,McCoole,France,1976-08-05,4,2027-01-02
Tabby,Colston,Ukraine,1954-01-12,7,2024-01-13
Galvin,Jearum,Poland,1981-09-10,5,2028-10-23
Jilli,Ungerechts,Poland,1991-12-12,8,2024-05-08
Aaren,Turmell,Spain,1988-09-18,8,2026-09-22
Beth,Cassar,France,1993-04-28,1,2027-06-09
Edward,Hodgin,Ukraine,1992-08-30,8,2024-09-13
Gwenore,Bromehead,France,2002-04-12,8,2025-08-31
Martelle,McCrostie,France,1948-10-24,5,2026-12-24
Clerissa,Swalwell,Poland,1988-08-02,4,2025-06-28
Benny,Dilland,France,1969-12-25,2,2026-08-01
Meredith,Godfrey,France,1965-07-14,7,2027-03-25
Beck,Roelvink,Poland,1994-02-03,3,2025-10-23
Liliane,Breawood,Sweden,1971-03-22,8,2024-09-06
Ardelis,Vannet,Portugal,1985-07-21,4,2028-01-31
Toinette,Filan,Sweden,1956-10-19,7,2025-06-18
Erasmus,Lyokhin,France,1956-02-09,8,2028-06-24
Fremont,Dancer,Ukraine,1961-10-01,7,2024-07-15
Emilia,Gatchell,France,1987-07-04,7,2025-07-06
Pascale,Izkovitch,Spain,1976-04-03,5,2028-01-13
Mickey,Biaggetti,Poland,1967-06-11,1,2025-10-28
Aube,Gietz,Portugal,1973-11-28,3,2028-10-13
Hewie,Magrane,Sweden,1981-10-06,4,2027-08-30
Nadeen,Vesque,Poland,1979-12-20,8,2024-11-12
Des,Peeters,Poland,1969-08-14,3,2025-08-02
Elfie,Dominichelli,Portugal,1996-11-16,8,2026-03-28
Uriel,Godrich,Poland,1951-01-08,4,2027-03-29
Vere,Catterick,Portugal,1949-11-25,1,2026-05-14
Dianna,Alexandrescu,Portugal,1977-09-04,1,2024-04-28
Mirabel,Zollner,Poland,1991-12-05,2,2028-04-18
Odelinda,Mafham,France,1975-05-16,6,2028-11-21
Tommy,Braybrooke,Poland,1979-04-20,6,2026-11-05
Agustin,Hovey,Portugal,1973-03-05,1,2027-05-29
Darcy,Rook,France,1971-10-19,3,2027-06-01
Hurley,Broster,Sweden,1989-06-22,1,2028-11-29
Ashlee,Size,Poland,1976-01-16,7,2028-06-09
Merwyn,Bigmore,Sweden,1981-04-23,8,2025-06-15
